X,Y,Z,FeedRate
5.0,0.0,10.0,
5.603595176766069,0.4902510529555772,10.0,
6.1550484563263,1.0853011104183146,10.0,
6.640740055737345,1.7793809350798302,10.0,
7.047694655894313,2.5651510749425155,10.0,
7.363750769672781,3.433773376643183,10.0,
7.577722283113839,4.374999999999999,10.0,
7.679550415209298,5.377279090791057,10.0,
7.66044443118978,6.4278760968653925,10.0,
7.513009550107068,7.513009550107068,10.0,
7.231360608973568,8.617999985088503,10.0,
6.811220181668672,9.727430525931778,10.0,
6.250000000000002,10.825317547305483,10.0,
5.54686468534668,11.89528970485603,10.0,
4.702776970727946,12.920773535806239,10.0,
3.7205237733487357,13.885183752905357,10.0,
2.604722665003956,14.772116295183121,10.0,
1.361808480432162,15.565542157683524,10.0,
9.950255243072245e-16,16.25,10.0,
-1.4707531588667326,16.810785530298205,10.0,
-3.0388431091712804,17.234135677713642,10.0,
-4.69109519248319,17.507405601489364,10.0,
-6.412877687356288,17.61923663973578,10.0,
-8.18822882122605,17.559713373835095,10.0,
-9.999999999999996,17.320508075688775,10.0,
-11.83001399974032,16.89501091346046,10.0,
-13.659236705838962,16.278444416278283,10.0,
-15.467960838455726,15.467960838455728,10.0,
-17.235999970177,14.462721217947138,10.0,
-18.942891024182938,13.263955090617937,10.0,
-20.56810333988042,11.874999999999998,10.0,
-22.09125230901834,10.30132012992955,10.0,
-23.492315519647708,8.550503583141722,10.0,
-24.751849298657373,6.632238030752101,10.0,
-25.85120351657046,4.558264663756931,10.0,
-26.77273251121566,2.342310586343314,10.0,
-27.5,3.3677786976552213e-15,10.0,
-28.01797588383034,-2.4512552647778794,10.0,
-28.313222899100982,-4.992385107924251,10.0,
-28.374071147241384,-7.602809449886536,10.0,
-28.190778623577252,-10.26060429977006,10.0,
-27.75567597799741,-12.942684265808916,10.0,
-27.063293868263706,-15.625000000000004,10.0,
-26.11047141171162,-18.282748908689587,10.0,
-24.896444401366786,-20.890597314812524,10.0,
-23.42291212680439,-23.422912126804384,10.0,
-21.69408182692071,-25.853999955265504,10.0,
-19.71668999956722,-28.158351522434085,10.0,
-17.500000000000014,-30.310889132455348,10.0,
-15.055775574512408,-32.28721491318066,10.0,
-12.398230195555515,-34.063857503489174,10.0,
-9.543952288155449,-35.6185148444094,10.0,
-6.511806662509888,-36.9302907379578,10.0,
-3.322812692254471,-37.9799228647478,10.0,
-7.11825952004399e-15,-38.75,10.0,
3.4317573706890294,-39.22516623736248,10.0,
6.945927106677199,-39.392310120488325,10.0,
10.514523707289888,-39.2407366929934,10.0,
14.108330912183845,-38.762320607418715,10.0,
17.697139710391763,-37.95163858215973,10.0,
21.250000000000004,-36.80607966083864,10.0,
24.735483817638862,-35.32593190996277,10.0,
28.12195792378609,-33.514444386455295,10.0,
31.37786341515304,-31.377863415153055,10.0,
34.471999940354,-28.925442435894283,10.0,
37.37381202068524,-26.169424908516497,10.0,
40.05367492503027,-23.12500000000002,10.0,
42.48317751734297,-19.810231019095276,10.0,
44.63539948733064,-16.245956807969296,10.0,
46.48518039016141,-12.455666545558808,10.0,
48.009377959345144,-8.465348661262857,10.0,
49.18711321827993,-4.30331479816563,10.0,
50.0,-1.2246467991473532e-14,10.0,
5.0,0.0,8.0,
5.603595176766069,0.4902510529555772,8.0,
6.1550484563263,1.0853011104183146,8.0,
6.640740055737345,1.7793809350798302,8.0,
7.047694655894313,2.5651510749425155,8.0,
7.363750769672781,3.433773376643183,8.0,
7.577722283113839,4.374999999999999,8.0,
7.679550415209298,5.377279090791057,8.0,
7.66044443118978,6.4278760968653925,8.0,
7.513009550107068,7.513009550107068,8.0,
7.231360608973568,8.617999985088503,8.0,
6.811220181668672,9.727430525931778,8.0,
6.250000000000002,10.825317547305483,8.0,
5.54686468534668,11.89528970485603,8.0,
4.702776970727946,12.920773535806239,8.0,
3.7205237733487357,13.885183752905357,8.0,
2.604722665003956,14.772116295183121,8.0,
1.361808480432162,15.565542157683524,8.0,
9.950255243072245e-16,16.25,8.0,
-1.4707531588667326,16.810785530298205,8.0,
-3.0388431091712804,17.234135677713642,8.0,
-4.69109519248319,17.507405601489364,8.0,
-6.412877687356288,17.61923663973578,8.0,
-8.18822882122605,17.559713373835095,8.0,
-9.999999999999996,17.320508075688775,8.0,
-11.83001399974032,16.89501091346046,8.0,
-13.659236705838962,16.278444416278283,8.0,
-15.467960838455726,15.467960838455728,8.0,
-17.235999970177,14.462721217947138,8.0,
-18.942891024182938,13.263955090617937,8.0,
-20.56810333988042,11.874999999999998,8.0,
-22.09125230901834,10.30132012992955,8.0,
-23.492315519647708,8.550503583141722,8.0,
-24.751849298657373,6.632238030752101,8.0,
-25.85120351657046,4.558264663756931,8.0,
-26.77273251121566,2.342310586343314,8.0,
-27.5,3.3677786976552213e-15,8.0,
-28.01797588383034,-2.4512552647778794,8.0,
-28.313222899100982,-4.992385107924251,8.0,
-28.374071147241384,-7.602809449886536,8.0,
-28.190778623577252,-10.26060429977006,8.0,
-27.75567597799741,-12.942684265808916,8.0,
-27.063293868263706,-15.625000000000004,8.0,
-26.11047141171162,-18.282748908689587,8.0,
-24.896444401366786,-20.890597314812524,8.0,
-23.42291212680439,-23.422912126804384,8.0,
-21.69408182692071,-25.853999955265504,8.0,
-19.71668999956722,-28.158351522434085,8.0,
-17.500000000000014,-30.310889132455348,8.0,
-15.055775574512408,-32.28721491318066,8.0,
-12.398230195555515,-34.063857503489174,8.0,
-9.543952288155449,-35.6185148444094,8.0,
-6.511806662509888,-36.9302907379578,8.0,
-3.322812692254471,-37.9799228647478,8.0,
-7.11825952004399e-15,-38.75,8.0,
3.4317573706890294,-39.22516623736248,8.0,
6.945927106677199,-39.392310120488325,8.0,
10.514523707289888,-39.2407366929934,8.0,
14.108330912183845,-38.762320607418715,8.0,
17.697139710391763,-37.95163858215973,8.0,
21.250000000000004,-36.80607966083864,8.0,
24.735483817638862,-35.32593190996277,8.0,
28.12195792378609,-33.514444386455295,8.0,
31.37786341515304,-31.377863415153055,8.0,
34.471999940354,-28.925442435894283,8.0,
37.37381202068524,-26.169424908516497,8.0,
40.05367492503027,-23.12500000000002,8.0,
42.48317751734297,-19.810231019095276,8.0,
44.63539948733064,-16.245956807969296,8.0,
46.48518039016141,-12.455666545558808,8.0,
48.009377959345144,-8.465348661262857,8.0,
49.18711321827993,-4.30331479816563,8.0,
50.0,-1.2246467991473532e-14,8.0,
5.0,0.0,6.0,
5.603595176766069,0.4902510529555772,6.0,
6.1550484563263,1.0853011104183146,6.0,
6.640740055737345,1.7793809350798302,6.0,
7.047694655894313,2.5651510749425155,6.0,
7.363750769672781,3.433773376643183,6.0,
7.577722283113839,4.374999999999999,6.0,
7.679550415209298,5.377279090791057,6.0,
7.66044443118978,6.4278760968653925,6.0,
7.513009550107068,7.513009550107068,6.0,
7.231360608973568,8.617999985088503,6.0,
6.811220181668672,9.727430525931778,6.0,
6.250000000000002,10.825317547305483,6.0,
5.54686468534668,11.89528970485603,6.0,
4.702776970727946,12.920773535806239,6.0,
3.7205237733487357,13.885183752905357,6.0,
2.604722665003956,14.772116295183121,6.0,
1.361808480432162,15.565542157683524,6.0,
9.950255243072245e-16,16.25,6.0,
-1.4707531588667326,16.810785530298205,6.0,
-3.0388431091712804,17.234135677713642,6.0,
-4.69109519248319,17.507405601489364,6.0,
-6.412877687356288,17.61923663973578,6.0,
-8.18822882122605,17.559713373835095,6.0,
-9.999999999999996,17.320508075688775,6.0,
-11.83001399974032,16.89501091346046,6.0,
-13.659236705838962,16.278444416278283,6.0,
-15.467960838455726,15.467960838455728,6.0,
-17.235999970177,14.462721217947138,6.0,
-18.942891024182938,13.263955090617937,6.0,
-20.56810333988042,11.874999999999998,6.0,
-22.09125230901834,10.30132012992955,6.0,
-23.492315519647708,8.550503583141722,6.0,
-24.751849298657373,6.632238030752101,6.0,
-25.85120351657046,4.558264663756931,6.0,
-26.77273251121566,2.342310586343314,6.0,
-27.5,3.3677786976552213e-15,6.0,
-28.01797588383034,-2.4512552647778794,6.0,
-28.313222899100982,-4.992385107924251,6.0,
-28.374071147241384,-7.602809449886536,6.0,
-28.190778623577252,-10.26060429977006,6.0,
-27.75567597799741,-12.942684265808916,6.0,
-27.063293868263706,-15.625000000000004,6.0,
-26.11047141171162,-18.282748908689587,6.0,
-24.896444401366786,-20.890597314812524,6.0,
-23.42291212680439,-23.422912126804384,6.0,
-21.69408182692071,-25.853999955265504,6.0,
-19.71668999956722,-28.158351522434085,6.0,
-17.500000000000014,-30.310889132455348,6.0,
-15.055775574512408,-32.28721491318066,6.0,
-12.398230195555515,-34.063857503489174,6.0,
-9.543952288155449,-35.6185148444094,6.0,
-6.511806662509888,-36.9302907379578,6.0,
-3.322812692254471,-37.9799228647478,6.0,
-7.11825952004399e-15,-38.75,6.0,
3.4317573706890294,-39.22516623736248,6.0,
6.945927106677199,-39.392310120488325,6.0,
10.514523707289888,-39.2407366929934,6.0,
14.108330912183845,-38.762320607418715,6.0,
17.697139710391763,-37.95163858215973,6.0,
21.250000000000004,-36.80607966083864,6.0,
24.735483817638862,-35.32593190996277,6.0,
28.12195792378609,-33.514444386455295,6.0,
31.37786341515304,-31.377863415153055,6.0,
34.471999940354,-28.925442435894283,6.0,
37.37381202068524,-26.169424908516497,6.0,
40.05367492503027,-23.12500000000002,6.0,
42.48317751734297,-19.810231019095276,6.0,
44.63539948733064,-16.245956807969296,6.0,
46.48518039016141,-12.455666545558808,6.0,
48.009377959345144,-8.465348661262857,6.0,
49.18711321827993,-4.30331479816563,6.0,
50.0,-1.2246467991473532e-14,6.0,
